Province_State,Country_Region,Lat,Long,Confirmed,Deaths,Recovered,Active,Combined_Key,Incidence_Rate,Case_Fatality_Ratio
,Afghanistan,33.93911,67.709953,38919,1437,32576,4906,Afghanistan,99.9760046286072,3.692283974408386
,Albania,41.1533,20.1683,12226,358,6888,4980,Albania,424.83841823615273,2.9281858334696547
,Algeria,28.0339,1.6596,49623,1665,34923,13035,Algeria,113.16264472888363,3.35529895411402
,Andorra,42.5063,1.5218,1564,53,1164,347,Andorra,2024.202420242024,3.3887468030690537
,Angola,-11.2027,17.8739,3901,147,1445,2309,Angola,11.869312329589718,3.7682645475519103
,Antigua and Barbuda,17.0608,-61.7964,96,3,92,1,Antigua and Barbuda,98.03120660076792,3.125
,Argentina,-38.4161,-63.6167,622934,12799,478077,132058,Argentina,1378.3013399681124,2.0546317908478264
,Armenia,40.0691,45.0382,47154,928,42551,3675,Armenia,1591.3019356554364,1.9680196801968015
Australian Capital Territory,Australia,-35.4735,149.0124,113,3,110,1,"Australian Capital Territory, Australia",26.395701938799345,2.6548672566371683
New South Wales,Australia,-33.8688,151.2093,4200,53,2994,1153,"New South Wales, Australia",51.736881005173686,1.261904761904762
Northern Territory,Australia,-12.4634,130.8456,33,1,31,2,"Northern Territory, Australia",13.436482084690551,1.0
Queensland,Australia,-27.4698,153.0251,1152,6,1123,23,"Queensland, Australia",22.51979278662888,0.5208333333333334
South Australia,Australia,-34.9285,138.6007,466,4,462,1,"South Australia, Australia",26.530031312268715,0.8583690987124464
Tasmania,Australia,-42.8821,147.3272,230,13,217,1,"Tasmania, Australia",42.95051353874883,5.652173913043479
Victoria,Australia,-37.8136,144.9631,20042,761,18379,902,"Victoria, Australia",302.2971688864085,3.797026244885741
Western Australia,Australia,-31.9505,115.8605,662,9,650,3,"Western Australia, Australia",25.165361514483383,1.3595166163141994
,Austria,47.5162,14.5501,37474,765,28961,7748,Austria,416.08189731746313,2.0414153813310563
,Azerbaijan,40.1431,47.5769,39042,574,36601,1867,Azerbaijan,385.0609147193928,1.4702115670303777
,Bahamas,25.025885,-78.035889,3214,73,1679,1462,Bahamas,817.2959557327691,2.271313005600498
,Bahrain,26.0275,50.55,64499,221,57299,6979,Bahrain,3790.529171953409,0.3426409711778477
,Bangladesh,23.685,90.3563,347372,4913,254386,88073,Bangladesh,210.92555796386705,1.4143339129233214
,Barbados,13.1939,-59.5432,185,7,172,6,Barbados,64.37671163756956,3.783783783783784
,Belarus,53.7098,27.9534,75461,776,73212,1473,Belarus,798.5864804465845,1.0283457680126158
,Belgium,50.8333,4.469936,100748,9944,18945,71859,Belgium,869.2954106503615,9.870171120022231
,Belize,17.1899,-88.4976,1606,20,876,710,Belize,403.902208384366,1.2453300124533002
,Benin,9.3077,2.3158,2280,40,1950,290,Benin,18.806918768463568,1.7543859649122806
,Bhutan,27.5142,90.4336,259,1,190,69,Bhutan,33.566092803118664,1.0
,Bolivia,-16.2902,-63.5887,130470,7586,89032,33852,Bolivia,1117.7047534106189,5.8143634552004295
,Bosnia and Herzegovina,43.9159,17.6791,25217,758,17489,6970,Bosnia and Herzegovina,768.6199922885014,3.005908712376572
,Botswana,-22.3285,24.6849,2567,13,624,1930,Botswana,109.15856056981876,0.5064277366575769
Acre,Brazil,-9.0238,-70.812,27061,648,24298,2115,"Acre, Brazil",3068.366716367985,2.3945900003695355
Alagoas,Brazil,-9.5713,-36.782,83950,2014,80658,1278,"Alagoas, Brazil",2515.463583907865,2.3990470518165576
Amapa,Brazil,0.902,-52.003,46738,691,35026,11021,"Amapa, Brazil",5526.343482738601,1.4784543626171425
Amazonas,Brazil,-3.4168,-65.8561,131573,3956,109874,17743,"Amazonas, Brazil",3174.566791415426,3.0066959026548
Bahia,Brazil,-12.5797,-41.7007,294210,6221,280351,7638,"Bahia, Brazil",1978.1398103309448,2.1144760545188808
Ceara,Brazil,-5.4984,-39.3206,233600,8801,206727,18072,"Ceara, Brazil",2558.0158207146287,3.7675513698630136
Distrito Federal,Brazil,-15.7998,-47.8645,183096,3048,170627,9421,"Distrito Federal, Brazil",6072.296061245634,1.6647004849914802
Espirito Santo,Brazil,-19.1834,-40.3089,123720,3408,113545,6767,"Espirito Santo, Brazil",3078.645813892725,2.754607177497576
Goias,Brazil,-15.827,-49.8362,182856,4135,172741,5980,"Goias, Brazil",2605.3972199179466,2.2613422583891154
Maranhao,Brazil,-4.9609,-45.2744,167333,3643,157810,5880,"Maranhao, Brazil",2365.070236365685,2.177095970310698
Mato Grosso,Brazil,-12.6819,-56.9211,112242,3214,92468,16560,"Mato Grosso, Brazil",3221.2109402129336,2.8634557474029334
Mato Grosso do Sul,Brazil,-20.7722,-54.7852,63466,1162,56313,5991,"Mato Grosso do Sul, Brazil",2283.782645900339,1.830901585100684
Minas Gerais,Brazil,-18.5122,-44.555,268009,6656,233463,27890,"Minas Gerais, Brazil",1266.0571876778415,2.4834986884768795
Para,Brazil,-1.9981,-54.9306,220205,6451,204728,9026,"Para, Brazil",2559.670528364679,2.9295429259099475
Paraiba,Brazil,-7.24,-36.782,116588,2695,89305,24588,"Paraiba, Brazil",2901.550896723772,2.3115586509760866
Parana,Brazil,-25.2521,-52.0215,163479,4093,114358,45028,"Parana, Brazil",1429.7674899424585,2.503685488656035
Pernambuco,Brazil,-8.8137,-36.9541,141042,8004,122512,10526,"Pernambuco, Brazil",1475.786880729462,5.674905347343343
Piaui,Brazil,-7.7183,-42.7289,90061,2025,87492,544,"Piaui, Brazil",2751.443758712732,2.248476032911027
Rio Grande do Norte,Brazil,-5.4026,-36.9541,66963,2348,39924,24691,"Rio Grande do Norte, Brazil",1909.489790418931,3.506413989815272
Rio Grande do Sul,Brazil,-30.0346,-51.2177,174140,4371,159153,10616,"Rio Grande do Sul, Brazil",1530.5998230326354,2.510049385551855
Rio de Janeiro,Brazil,-22.9068,-43.1729,251261,17634,228258,5369,"Rio de Janeiro, Brazil",1455.324816305504,7.018200198200277
Rondonia,Brazil,-11.5057,-63.5806,62697,1297,52932,8468,"Rondonia, Brazil",3527.803176300132,2.068679522146195
Roraima,Brazil,-2.7376,-62.0751,48088,613,15164,32311,"Roraima, Brazil",7938.444369974297,1.2747462984528364
Santa Catarina,Brazil,-27.2423,-50.2189,205250,2635,194520,8095,"Santa Catarina, Brazil",2864.7044406617474,1.2838002436053593
Sao Paulo,Brazil,-23.5505,-46.6333,931673,33927,780448,117298,"Sao Paulo, Brazil",2028.946636068181,3.641513707062456
Sergipe,Brazil,-10.5741,-37.3857,75772,1976,68932,4864,"Sergipe, Brazil",3296.303643456987,2.6078234704112337
Tocantins,Brazil,-10.1753,-48.2982,63167,866,45266,17035,"Tocantins, Brazil",4016.04459629746,1.3709690186331471
,Brunei,4.5353,114.7277,145,3,142,1,Brunei,33.144145029635446,2.0689655172413794
,Bulgaria,42.7339,25.4858,18819,755,13558,4506,Bulgaria,270.8375758892817,4.0119028641266805
,Burkina Faso,12.2383,-1.5616,1816,56,1176,584,Burkina Faso,8.687632628719763,3.0837004405286343
,Burma,21.9162,95.956,5263,81,1188,3994,Burma,9.672890876962336,1.5390461713851415
,Burundi,-3.3731,29.9189,473,1,374,98,Burundi,3.9778715964914335,0.2114164904862579
,Cabo Verde,16.5388,-23.0418,5186,50,4581,555,Cabo Verde,932.7539443297336,0.9641342074816814
,Cambodia,11.55,104.9167,275,1,274,1,Cambodia,1.644838070476945,1.0
,Cameroon,3.848,11.5021,20431,416,19124,891,Cameroon,76.9649087330516,2.0361215799520336
Alberta,Canada,53.9333,-116.5765,16381,255,14702,1424,"Alberta, Canada",371.18645066354026,1.5566815212746474
British Columbia,Canada,53.7267,-127.6476,7842,223,5797,1822,"British Columbia, Canada",153.43626202499468,2.8436623310380007
Diamond Princess,Canada,,,1,1,1,1,"Diamond Princess, Canada",1.0,1.0
Grand Princess,Canada,,,13,1,13,1,"Grand Princess, Canada",1.0,1.0
Manitoba,Canada,53.7609,-98.8139,1558,16,1211,331,"Manitoba, Canada",113.10205246105856,1.0269576379974326
New Brunswick,Canada,46.5653,-66.4619,194,2,192,1,"New Brunswick, Canada",24.87201808221356,1.0309278350515465
Newfoundland and Labrador,Canada,53.1355,-57.6604,272,3,267,2,"Newfoundland and Labrador, Canada",52.17074410441821,1.1029411764705883
Northwest Territories,Canada,64.8255,-124.8457,5,1,5,1,"Northwest Territories,Canada",11.134865490824868,1.0
Nova Scotia,Canada,44.682,-63.7443,1086,65,1021,1,"Nova Scotia, Canada",111.10463171269942,5.985267034990794
Ontario,Canada,51.2538,-85.3232,48317,2876,42573,2868,"Ontario, Canada",328.4228396649852,5.952356313512842
Prince Edward Island,Canada,46.5107,-63.4168,57,1,56,1,"Prince Edward Island, Canada",36.039909457630976,1.0
Quebec,Canada,52.9399,-73.5491,67080,5797,58490,2793,"Quebec, Canada",785.6940895143103,8.641920095408468
Saskatchewan,Canada,52.9399,-106.4509,1787,24,1642,121,"Saskatchewan, Canada",151.22716571349258,1.3430330162283155
Yukon,Canada,64.2823,-135.0,15,1,15,1,"Yukon, Canada",36.51589658698087,1.0
,Central African Republic,6.6111,20.9394,4786,62,1830,2894,Central African Republic,99.09386876874316,1.2954450480568325
,Chad,15.4542,18.7322,1149,81,966,102,Chad,6.995067959611733,7.049608355091383
Antofagasta,Chile,-23.6509,-70.3975,19391,489,18423,479,"Antofagasta, Chile",3191.755523147676,2.521788458563251
Araucania,Chile,-38.9489,-72.3311,6358,103,5770,485,"Araucania, Chile",664.2123473711482,1.620006291286568
Arica y Parinacota,Chile,-18.594,-69.4785,7561,138,7030,393,"Arica y Parinacota, Chile",3344.568890776226,1.825155402724508
Atacama,Chile,-27.5661,-70.0503,6552,56,6083,413,"Atacama, Chile",2267.5674179079683,0.8547008547008547
Aysen,Chile,-45.9864,-73.7669,223,1,155,67,"Aysen, Chile",216.1732488028073,0.4484304932735426
Biobio,Chile,-37.4464,-72.1416,21564,286,19404,1874,"Biobio, Chile",1385.144574946766,1.3262845483212762
Coquimbo,Chile,-29.959,-71.3389,11497,192,10756,549,"Coquimbo, Chile",1517.5834822713198,1.6700008697921196
Los Lagos,Chile,-41.9198,-72.1416,8086,85,7312,689,"Los Lagos, Chile",975.7357235600476,1.0511996042542666
Los Rios,Chile,-40.231,-72.3311,1500,15,1254,231,"Los Rios, Chile",389.7754114079468,1.0
Magallanes,Chile,-52.368,-70.9863,6273,64,4924,1285,"Magallanes, Chile",3766.82099043433,1.0202454965726129
Maule,Chile,-35.5183,-71.6885,14317,297,12693,1327,"Maule, Chile",1370.1134025551462,2.074456939302926
Metropolitana,Chile,-33.4376,-70.6505,282535,8998,269784,3753,"Metropolitana, Chile",3972.200571138712,3.184738174031536
Nuble,Chile,-36.7226,-71.7622,5881,105,5223,553,"Nuble, Chile",1223.6558200116935,1.7854106444482232
OHiggins,Chile,-34.5755,-71.0022,15386,383,14218,785,"OHiggins, Chile",1682.3482458682092,2.489275965163136
Tarapaca,Chile,-19.9232,-69.5132,11401,218,10898,285,"Tarapaca, Chile",3449.016511474537,1.912112972546268
Unknown,Chile,,,54,1,54,1,"Unknown, Chile",1.0,1.851851851851852
Valparaiso,Chile,-33.0472,-71.6127,26095,823,24120,1152,"Valparaiso, Chile",1437.026888014882,3.1538608928913585
Anhui,China,31.8257,117.2264,991,6,985,1,"Anhui, China",1.5670461733080334,0.6054490413723511
Beijing,China,40.1824,116.4142,935,9,926,1,"Beijing, China",4.340761374187558,0.962566844919786
Chongqing,China,30.0572,107.874,584,6,577,1,"Chongqing, China",1.8826563507414569,1.0273972602739727
Fujian,China,26.0789,117.9874,395,1,380,14,"Fujian, China",1.002283684344075,0.2531645569620253
Gansu,China,35.7518,104.2861,170,2,168,1,"Gansu, China",0.6446719757299962,1.1764705882352942
Guangdong,China,23.3417,113.4244,1797,8,1767,22,"Guangdong, China",1.5838180856689583,0.4451864218141346
Guangxi,China,23.8298,108.7881,258,2,253,3,"Guangxi, China",0.5237515225334958,0.7751937984496124
Guizhou,China,26.8154,106.8748,147,2,145,1,"Guizhou, China",0.4083333333333333,1.3605442176870748
Hainan,China,19.1959,109.7453,171,6,165,1,"Hainan, China",1.8308351177730195,3.5087719298245608
Hebei,China,37.8957,114.9042,365,6,356,3,"Hebei, China",0.4830598200105876,1.643835616438356
Heilongjiang,China,47.862,127.7615,948,13,935,1,"Heilongjiang, China",2.5125894513649616,1.3713080168776368
Henan,China,33.882,113.614,1279,22,1254,3,"Henan, China",1.331598125976054,1.7200938232994527
Hong Kong,China,22.3,114.2,5009,103,4708,198,"Hong Kong, China",66.81349896785214,2.056298662407666
Hubei,China,30.9756,112.2707,68139,4512,63627,1,"Hubei, China",115.1580192665202,6.621758464315589
Hunan,China,27.6104,111.7088,1019,4,1015,1,"Hunan, China",1.4770256558921582,0.3925417075564279
Inner Mongolia,China,44.0935,113.9448,261,1,259,1,"Inner Mongolia, China",1.0299921073401737,0.3831417624521073
Jiangsu,China,32.9711,119.455,665,1,664,1,"Jiangsu, China",0.8259843497702148,1.0
Jiangxi,China,27.614,115.7221,935,1,934,1,"Jiangxi, China",2.011617900172117,0.106951871657754
Jilin,China,43.6661,126.1923,157,2,155,1,"Jilin, China",0.5806213017751479,1.2738853503184713
Liaoning,China,41.2956,122.6085,265,2,262,1,"Liaoning, China",0.6079376003670567,0.7547169811320755
Macau,China,22.1667,113.55,46,1,46,1,"Macau, China",7.084094360136879,1.0
Ningxia,China,37.2692,106.1655,75,1,75,1,"Ningxia, China",1.0901162790697674,1.0
Qinghai,China,35.7452,95.9956,18,1,18,1,"Qinghai, China",0.2985074626865671,1.0
Shaanxi,China,35.1917,108.8701,399,3,372,24,"Shaanxi, China",1.0326086956521738,0.7518796992481203
Shandong,China,36.3427,118.1498,831,7,815,9,"Shandong, China",0.8271125709166915,0.8423586040914561
Shanghai,China,31.202,121.4491,972,7,916,49,"Shanghai, China",4.00990099009901,0.7201646090534979
Shanxi,China,37.5777,112.2922,203,1,203,1,"Shanxi, China",0.5459924690693921,1.0
Sichuan,China,30.6171,102.7103,672,3,652,17,"Sichuan, China",0.8056587939096032,0.4464285714285714
Tianjin,China,39.3054,117.323,237,3,226,8,"Tianjin, China",1.5192307692307692,1.2658227848101269
Tibet,China,31.6927,88.0924,1,1,1,1,"Tibet, China",0.0290697674418604,1.0
Xinjiang,China,41.1129,85.2401,902,3,899,1,"Xinjiang, China",3.626859670285485,0.3325942350332594
Yunnan,China,24.974,101.487,206,2,196,8,"Yunnan, China",0.4265010351966873,0.9708737864077672
Zhejiang,China,29.1832,120.0934,1282,1,1272,9,"Zhejiang, China",2.2346173958514903,0.078003120124805
Amazonas,Colombia,-1.4429,-71.5724,2732,115,2597,20,"Amazonas, Colombia",3567.091880034992,4.209370424597363
Antioquia,Colombia,7.1986,-75.3412,102501,2187,85968,14346,"Antioquia, Colombia",1599.8028437817914,2.133637720607604
Arauca,Colombia,7.0762,-70.7105,1449,34,1122,293,"Arauca, Colombia",552.6863838519456,2.3464458247066937
Atlantico,Colombia,10.6966,-74.8741,66512,3016,61671,1825,"Atlantico, Colombia",2623.212544029482,4.5345200866009145
Bolivar,Colombia,8.6704,-74.03,27972,754,25630,1588,"Bolivar, Colombia",1351.2325431981876,2.695552695552696
Boyaca,Colombia,5.4545,-73.362,5995,117,4266,1612,"Boyaca, Colombia",492.4526194043582,1.95162635529608
Caldas,Colombia,5.2983,-75.2479,4653,106,3183,1364,"Caldas, Colombia",466.1133678268579,2.278100150440576
Capital District,Colombia,4.711,-74.0721,250490,6408,205741,38341,"Capital District, Colombia",3379.261648395441,2.5581859555271667
Caqueta,Colombia,0.8699,-73.8419,7759,274,6504,981,"Caqueta, Colombia",1932.556060066403,3.5313829101688365
Casanare,Colombia,5.7589,-71.5724,1771,41,1203,527,"Casanare, Colombia",421.1612731389,2.3150762281197066
Cauca,Colombia,2.705,-76.82600000000002,8192,224,6257,1711,"Cauca, Colombia",559.3763827358093,2.734375
Cesar,Colombia,9.3373,-73.6536,17236,494,12740,4002,"Cesar, Colombia",1435.6466157021555,2.866094221397076
Choco,Colombia,5.2528,-76.82600000000002,3930,154,3636,140,"Choco, Colombia",734.8184269276362,3.918575063613232
Cordoba,Colombia,8.0493,-75.574,22745,1480,19406,1859,"Cordoba, Colombia",1274.384617065492,6.506924598812926
Cundinamarca,Colombia,5.026,-74.03,30582,898,25087,4597,"Cundinamarca, Colombia",1047.666029475242,2.9363677980511413
Guainia,Colombia,2.5854,-68.5247,547,10,234,303,"Guainia, Colombia",1136.8832356486678,1.828153564899452
Guaviare,Colombia,1.0654,-73.2603,628,11,417,200,"Guaviare, Colombia",758.7565092367731,1.751592356687898
Huila,Colombia,2.5359,-75.5277,9380,282,6258,2840,"Huila, Colombia",852.4281479408135,3.0063965884861408
La Guajira,Colombia,11.3548,-72.5205,7207,275,5698,1234,"La Guajira, Colombia",818.4564368129373,3.815734702372693
Magdalena,Colombia,10.4113,-74.4057,14454,789,12119,1546,"Magdalena, Colombia",1077.2530717438324,5.4586965545869655
Meta,Colombia,3.272,-73.0877,14066,366,11374,2326,"Meta, Colombia",1352.8616303204124,2.602019053035689
Narino,Colombia,1.2892,-77.3579,17412,638,14545,2229,"Narino, Colombia",1067.8330324201272,3.664139673788192
Norte de Santander,Colombia,7.9463,-72.8988,14427,831,11890,1706,"Norte de Santander, Colombia",967.1587039925882,5.7600332709503
Putumayo,Colombia,0.436,-75.5277,3619,160,3065,394,"Putumayo, Colombia",1039.3989350397203,4.421110804089527
Quindio,Colombia,4.461,-75.6674,2531,76,1571,884,"Quindio, Colombia",468.7870436225699,3.0027657052548395
Risaralda,Colombia,5.3158,-75.9928,9468,195,6938,2335,"Risaralda, Colombia",1003.602921769216,2.0595690747782003
San Andres y Providencia,Colombia,12.5567,-81.7185,841,9,337,495,"San Andres y Providencia, Colombia",1372.3890339425589,1.070154577883472
Santander,Colombia,6.6437,-73.6536,27012,1158,20338,5516,"Santander, Colombia",1236.3393699392675,4.286983562860952
Sucre,Colombia,8.814,-74.7233,13512,559,11964,989,"Sucre, Colombia",1493.264726262429,4.137063351095323
Tolima,Colombia,4.0925,-75.1545,10862,277,8129,2456,"Tolima, Colombia",816.5769173807892,2.5501749217455347
Valle del Cauca,Colombia,3.8009,-76.6413,56837,2092,47119,7626,"Valle del Cauca, Colombia",1269.8491427172185,3.680700951844748
Vaupes,Colombia,0.8554,-70.812,679,5,457,217,"Vaupes, Colombia",1664.3380640733387,0.7363770250368189
Vichada,Colombia,4.4234,-69.2878,397,4,221,172,"Vichada, Colombia",368.24725437815374,1.0075566750629723
,Comoros,-11.6455,43.3333,470,7,450,13,Comoros,54.04814885090185,1.4893617021276595
,Congo (Brazzaville),-0.228,15.8277,4986,89,3887,1010,Congo (Brazzaville),90.35731916031844,1.784997994384276
,Congo (Kinshasa),-4.0383,21.7587,10488,268,9891,329,Congo (Kinshasa),11.710401502861655,2.555301296720061
,Costa Rica,9.7489,-83.7534,63712,706,23552,39454,Costa Rica,1250.6983550034413,1.1081115017579106
,Cote d'Ivoire,7.54,-5.5471,19269,120,18392,757,Cote d'Ivoire,73.04874939699431,0.6227619492449011
,Croatia,45.1,15.2,14725,244,12353,2128,Croatia,358.68547437097885,1.6570458404074704
,Cuba,21.521757,-77.78116700000002,5055,113,4284,658,Cuba,44.629393280393714,2.235410484668645
,Cyprus,35.1264,33.4299,1590,22,1282,286,Cyprus,131.69217823004058,1.3836477987421385
,Czechia,49.8175,15.473,48306,499,24228,23579,Czechia,451.07929026307073,1.0329979712665094
Faroe Islands,Denmark,61.8926,-6.9118,431,1,412,19,"Faroe Islands, Denmark",882.0218970633377,1.0
Greenland,Denmark,71.7069,-42.6043,14,1,14,1,"Greenland, Denmark",24.660043683505958,1.0
,Denmark,56.2639,9.5018,22436,635,17316,4485,Denmark,387.3483025370485,2.8302727758958817
,Diamond Princess,,,712,13,651,48,Diamond Princess,1.0,1.8258426966292127
,Djibouti,11.8251,42.5903,5403,61,5333,9,Djibouti,546.8612411715766,1.1290024060707016
,Dominica,15.415,-61.371,24,1,18,6,Dominica,33.337500520898445,1.0
,Dominican Republic,18.7357,-70.1627,107700,2044,80820,24836,Dominican Republic,992.8185205178804,1.8978644382544103
,Ecuador,-1.8312,-78.1834,125620,11084,97063,17473,Ecuador,712.0080076812072,8.82343575863716
,Egypt,26.820553000000004,30.802498,101900,5750,88666,7484,Egypt,99.57550639153092,5.642787046123651
,El Salvador,13.7942,-88.8965,27428,808,21247,5373,El Salvador,422.8669447647399,2.945894706139711
,Equatorial Guinea,1.6508,10.2679,5002,83,4509,410,Equatorial Guinea,356.5255508790187,1.6593362654938024
,Eritrea,15.1794,39.7823,364,1,305,59,Eritrea,10.263851476429656,1.0
,Estonia,58.5953,25.0136,2875,64,2374,437,Estonia,216.7293988341089,2.226086956521739
,Eswatini,-26.5225,31.4659,5245,104,4571,570,Eswatini,452.09125606379786,1.982840800762631
,Ethiopia,9.145,40.4897,68131,1089,27939,39103,Ethiopia,59.26311465083687,1.5983913343411955
,Fiji,-17.7134,178.065,32,2,26,4,Fiji,3.5696596775704896,6.25
,Finland,61.92411,25.748151,8922,339,7700,883,Finland,161.0260619652543,3.799596503026226
French Guiana,France,4.0,-53.0,9692,65,9341,286,"French Guiana, France",3244.922693700993,0.6706562113082954
French Polynesia,France,-17.6797,-149.4068,1271,2,1028,241,"French Polynesia, France",452.4677469882949,0.1573564122738001
Guadeloupe,France,16.265,-61.551,3426,26,837,2563,"Guadeloupe, France",856.2281475631488,0.7589025102159953
Martinique,France,14.6415,-61.0242,1122,18,98,1006,"Martinique, France",298.98871464165325,1.60427807486631
Mayotte,France,-12.8275,45.166244,3541,40,2964,537,"Mayotte, France",1297.9586749898283,1.1296243998870377
New Caledonia,France,-20.904305,165.618042,26,1,26,1,"New Caledonia, France",9.107117212101258,1.0
Reunion,France,-21.1151,55.5364,3194,15,2482,697,"Reunion, France",356.74873898144546,0.469630557294928
Saint Barthelemy,France,17.9,-62.8333,23,1,16,7,"Saint Barthelemy, France",232.6757713707637,1.0
Saint Pierre and Miquelon,France,46.8852,-56.3159,11,1,5,6,"Saint Pierre and Miquelon, France",189.8188093183779,1.0
St Martin,France,18.0708,-63.0501,330,6,206,118,"St Martin, France",853.6175276132336,1.818181818181818
,France,46.2276,2.2137,444978,31085,76583,337913,France,681.5168762483625,6.985738620785747
,Gabon,-0.8037,11.6094,8696,53,7848,795,Gabon,390.703625959686,0.6094756209751611
,Gambia,13.4432,-15.3101,3504,108,1992,1404,Gambia,144.9932634408424,3.0821917808219177
,Georgia,42.3154,43.3569,3306,19,1481,1806,Georgia,82.87427851623455,0.5747126436781609
Baden-Wurttemberg,Germany,48.6616,9.3501,46779,1871,41228,3680,"Baden-Wurttemberg, Germany",422.5923532636833,3.9996579661814073
Bayern,Germany,48.7904,11.4979,64465,2648,56398,5419,"Bayern, Germany",492.9752649765945,4.107655316838596
Berlin,Germany,52.52,13.405,13064,227,11667,1170,"Berlin, Germany",358.42588919196686,1.7375995101041029
Brandenburg,Germany,52.4125,12.5316,4117,173,3792,152,"Brandenburg, Germany",163.8987275455359,4.202088899684236
Bremen,Germany,53.0793,8.8017,2192,59,2015,118,"Bremen, Germany",320.94362109911475,2.6916058394160585
Hamburg,Germany,53.5511,9.9937,7149,269,6129,751,"Hamburg, Germany",388.28381162287866,3.7627640229402712
Hessen,Germany,50.6521,9.1624,17516,543,15649,1324,"Hessen, Germany",279.54889783585804,3.100022836263987
Mecklenburg-Vorpommern,Germany,53.6127,12.4296,1105,20,1014,71,"Mecklenburg-Vorpommern, Germany",68.64739776662991,1.8099547511312213
Niedersachsen,Germany,52.6367,9.8451,18775,669,16482,1624,"Niedersachsen, Germany",235.2035365592109,3.5632490013315583
Nordrhein-Westfalen,Germany,51.4332,7.6616,64692,1844,58524,4324,"Nordrhein-Westfalen, Germany",360.7497854054038,2.8504297285599463
Rheinland-Pfalz,Germany,50.1183,7.309,10075,247,9057,771,"Rheinland-Pfalz, Germany",246.6434458696587,2.4516129032258065
Saarland,Germany,49.3964,7.023,3275,176,3003,96,"Saarland, Germany",330.63808607493723,5.374045801526719
Sachsen,Germany,51.1045,13.2017,6658,226,5826,606,"Sachsen, Germany",163.26882931246854,3.3944127365575247
Sachsen-Anhalt,Germany,51.9503,11.6923,2423,66,2213,144,"Sachsen-Anhalt, Germany",109.72136750046757,2.723895996698308
Schleswig-Holstein,Germany,54.2194,9.6961,4384,161,3981,242,"Schleswig-Holstein, Germany",151.34400658401665,3.672445255474453
Thuringen,Germany,51.011,10.8453,3919,189,3532,198,"Thuringen, Germany",182.86210219093903,4.82265884154121
Unknown,Germany,,,2344,1,1,2344,"Unknown, Germany",1.0,1.0
,Ghana,7.9465,-1.0232,45877,297,45081,499,Ghana,147.64290928973742,0.6473832203500665
,Greece,39.0742,21.8243,14978,331,1347,13300,Greece,143.70065746552643,2.2099078648684736
,Grenada,12.1165,-61.679,24,1,24,1,Grenada,21.329730978768037,1.0
,Guatemala,15.7835,-90.2308,85152,3105,74497,7550,Guatemala,475.29614887432814,3.646420518602029
,Guinea,9.9456,-9.6966,10286,63,9681,542,Guinea,78.32302529424055,0.612482986583706
,Guinea-Bissau,11.8037,-15.1804,2303,39,1127,1137,Guinea-Bissau,117.02247664885842,1.6934433347807207
,Guyana,4.860416000000002,-58.93018000000001,2168,64,1331,773,Guyana,275.6309444046791,2.9520295202952034
,Haiti,18.9712,-72.2852,8600,221,6363,2016,Haiti,75.42183828803653,2.569767441860465
,Holy See,41.9029,12.4534,12,1,12,1,Holy See,1483.3127317676144,1.0
,Honduras,15.2,-86.2419,71143,2166,21810,47167,Honduras,718.2818340715753,3.0445721996542177
,Hungary,47.1625,19.5033,16920,675,4382,11863,Hungary,175.14893352725315,3.98936170212766
,Iceland,64.9631,-19.0208,2307,10,2116,181,Iceland,676.0439560439562,0.4334633723450369
Andaman and Nicobar Islands,India,11.225999,92.968178,3631,52,3414,165,"Andaman and Nicobar Islands, India",870.6682396723544,1.4321123657394657
Andhra Pradesh,India,15.9129,79.74,609558,5244,519891,84423,"Andhra Pradesh, India",1130.8341944263138,0.8602954927997007
Arunachal Pradesh,India,27.768456,96.384277,7005,13,5106,1886,"Arunachal Pradesh, India",446.0482228751103,0.185581727337616
Assam,India,26.357149,92.830441,152858,540,123687,28631,"Assam, India",429.2915229485945,0.3532690470894556
Bihar,India,25.679658,85.60484,165218,859,151750,12609,"Bihar, India",132.3862964470027,0.519919137140021
Chandigarh,India,30.733839,76.76827800000002,9506,113,6415,2978,"Chandigarh, India",820.5629306854802,1.1887229118451503
Chhattisgarh,India,21.264705,82.035366,81617,645,44392,36580,"Chhattisgarh, India",277.2671542087029,0.790276535525687
Dadra and Nagar Haveli and Daman and Diu,India,20.194742,73.080901,2859,2,2639,218,"Dadra and Nagar Haveli and Daman and Diu, India",464.3314212211965,0.0699545295557887
Delhi,India,28.646519,77.10898,238828,4907,201671,32250,"Delhi, India",1276.4095751134014,2.0546167116083542
Goa,India,15.359682,74.057396,27379,335,21314,5730,"Goa, India",1726.02048857368,1.2235655064100224
Gujarat,India,22.694884,71.590923,120336,3286,100974,16076,"Gujarat, India",188.4006266932294,2.7306874085892834
Haryana,India,29.20004,76.332824,106261,1092,83878,21291,"Haryana, India",376.749372054834,1.0276583130217107
Himachal Pradesh,India,31.927213,77.233081,11622,111,7081,4430,"Himachal Pradesh, India",155.95907382693534,0.9550851832731028
Jammu and Kashmir,India,33.75943,76.612638,61041,966,39305,20770,"Jammu and Kashmir, India",448.6224048824369,1.5825428810144002
Jharkhand,India,23.654536,85.557631,68578,602,54052,13924,"Jharkhand, India",177.69107218572196,0.8778325410481496
Karnataka,India,14.70518,76.166436,502982,7808,394026,101148,"Karnataka, India",744.4671456667662,1.5523418333061618
Kerala,India,10.450898,76.405749,126381,501,90085,35795,"Kerala, India",354.0139267719107,0.3964203479953474
Ladakh,India,34.1526,77.5771,3635,48,2600,987,"Ladakh, India",1325.2445413414318,1.3204951856946354
Lakshadweep,India,13.6999972,72.18333259999999,1,1,1,1,"Lakshadweep, India",1.0,1.0
Madhya Pradesh,India,23.541513,78.289633,100458,1901,76952,21605,"Madhya Pradesh, India",117.68886841587172,1.89233311433634
Maharashtra,India,19.449759,76.108221,1167496,31791,834432,301273,"Maharashtra, India",948.0720829266996,2.7230071880331925
Manipur,India,24.738975,93.882541,8607,52,6629,1926,"Manipur, India",278.40448707685,0.6041594051353549
Meghalaya,India,25.536934,91.278882,4445,32,2437,1976,"Meghalaya, India",132.02800359995368,0.7199100112485939
Mizoram,India,23.309381,92.83822,1548,1,973,575,"Mizoram, India",124.9148674514462,1.0
Nagaland,India,26.06702,94.470302,5357,15,4129,1213,"Nagaland, India",238.1211675360437,0.2800074668657831
Odisha,India,20.505428,84.418059,171341,682,137567,33092,"Odisha, India",369.61723504710267,0.3980366637290549
Puducherry,India,11.882658,78.86498,21913,462,16715,4736,"Puducherry, India",1550.219236499517,2.1083375165426914
Punjab,India,30.841465000000003,75.40879,92833,2708,68463,21662,"Punjab, India",307.99194184020746,2.9170661295013627
Rajasthan,India,26.583423,73.847973,111290,1308,92265,17717,"Rajasthan, India",137.33963585979478,1.1753077545152304
Sikkim,India,27.571671,88.472712,2303,24,1857,422,"Sikkim, India",333.646745893885,1.0421189752496742
Tamil Nadu,India,11.006091,78.400624,530908,8685,475717,46506,"Tamil Nadu, India",682.0392581739452,1.6358766490616077
Telangana,India,18.1124,79.0193,169169,1025,137508,30636,"Telangana, India",429.7694580752169,0.6059029727668781
Tripura,India,23.746783,91.743565,21484,235,14142,7107,"Tripura, India",515.2292895044695,1.093837274250605
Unknown,India,,,1,1,1,1,"Unknown, India",1.0,1.0
Uttar Pradesh,India,26.925425,80.560982,342788,4869,270094,67825,"Uttar Pradesh, India",144.09957679776872,1.4204114496423446
Uttarakhand,India,30.156447,79.197608,38007,464,26250,11293,"Uttarakhand, India",337.81423603426515,1.2208277422580052
West Bengal,India,23.814082,87.979803,218772,4242,190021,24509,"West Bengal, India",219.63008816556012,1.9390049914979977
,Indonesia,-0.7893,113.9213,240687,9448,174350,56889,Indonesia,87.99495967479899,3.925430122939752
,Iran,32.427908,53.68804599999999,419043,24118,357632,37293,Iran,498.9025686476341,5.755495259436383
,Iraq,33.223191,43.679291,315597,8491,249539,57567,Iraq,784.6279481910907,2.6904564999033576
,Ireland,53.1424,-7.6921,32538,1792,23364,7382,Ireland,658.957964241536,5.507406724445263
,Israel,31.046051,34.851612,183602,1226,132449,49927,Israel,2121.20767494487,0.6677487173342338
Abruzzo,Italy,42.35122196,13.39843823,4137,474,2984,679,"Abruzzo, Italy",315.4210951676604,11.457577955039884
Basilicata,Italy,40.63947052,15.80514834,631,28,438,165,"Basilicata, Italy",112.10423739804466,4.437400950871632
Calabria,Italy,38.90597598,16.59440194,1810,98,1267,445,"Calabria, Italy",92.95727919693128,5.414364640883979
Campania,Italy,40.83956555,14.25084984,10089,456,5060,4573,"Campania, Italy",173.8975457504466,4.519774011299434
Emilia-Romagna,Italy,44.49436681,11.3417208,34225,4474,25313,4438,"Emilia-Romagna, Italy",767.4666782674292,13.072315558802044
Friuli Venezia Giulia,Italy,45.6494354,13.76813649,4345,350,3314,681,"Friuli Venezia Giulia, Italy",357.54842744523626,8.055235903337168
Lazio,Italy,41.89277044,12.48366722,14179,890,7751,5538,"Lazio, Italy",241.17710894319896,6.276888356019465
Liguria,Italy,44.41149315,8.9326992,12407,1588,9386,1433,"Liguria, Italy",800.1212402620853,12.79922624324978
Lombardia,Italy,45.46679409,9.190347404,104547,16917,78695,8935,"Lombardia, Italy",1039.175299540563,16.181239059944332
Marche,Italy,43.61675973,13.5188753,7703,989,6093,621,"Marche, Italy",505.0250086705904,12.839153576528624
Molise,Italy,41.55774754,14.65916051,586,23,459,104,"Molise, Italy",191.7432603552813,3.9249146757679183
P.A. Bolzano,Italy,46.49933453,11.35662422,3281,292,2584,405,"P.A. Bolzano, Italy",616.3608970577737,8.899725693386163
P.A. Trento,Italy,46.06893511,11.12123097,5689,405,4750,534,"P.A. Trento, Italy",1050.7593024243745,7.119001582000352
Piemonte,Italy,45.0732745,7.680687483,34241,4154,27783,2304,"Piemonte, Italy",785.9919392269683,12.131655033439444
Puglia,Italy,41.12559576,16.86736689,6944,578,4278,2088,"Puglia, Italy",172.34819199449598,8.323732718894009
Sardegna,Italy,39.21531192,9.110616306,3167,141,1431,1595,"Sardegna, Italy",193.1579278002868,4.452162930217872
Sicilia,Italy,38.11569725,13.362356699999998,5846,296,3318,2232,"Sicilia, Italy",116.92254891156628,5.063291139240507
Toscana,Italy,43.76923077,11.25588885,13665,1152,9686,2827,"Toscana, Italy",366.38915112741415,8.430296377607025
Umbria,Italy,43.10675841,12.38824698,2192,83,1638,471,"Umbria, Italy",248.5218505354217,3.7864963503649633
Valle d'Aosta,Italy,45.73750286,7.320149366,1276,146,1082,48,"Valle d'Aosta, Italy",1015.3900020689764,11.442006269592474
Veneto,Italy,45.43490485,12.33845213,25609,2158,20406,3045,"Veneto, Italy",522.0090120904537,8.426724979499395
,Jamaica,18.1096,-77.2975,4758,60,1327,3371,Jamaica,160.68021968410363,1.261034047919294
Aichi,Japan,35.035551,137.211621,5077,79,4554,444,"Aichi, Japan",67.22509708710224,1.5560370297419737
Akita,Japan,39.748679,140.408228,52,1,51,1,"Akita, Japan",5.3802936398721135,1.0
Aomori,Japan,40.781541,140.828896,35,1,32,2,"Aomori, Japan",2.808152628711676,2.8571428571428568
Chiba,Japan,35.510141,140.198917,3603,68,3174,361,"Chiba, Japan",57.56159314130373,1.887316125451013
Ehime,Japan,33.624835,132.856842,114,6,108,1,"Ehime, Japan",8.512449457331346,5.2631578947368425
Fukui,Japan,35.846614,136.22465400000002,244,9,215,20,"Fukui, Japan",31.773439748312693,3.6885245901639343
Fukuoka,Japan,33.526032,130.666949,5000,89,4629,282,"Fukuoka, Japan",97.96854386806066,1.78
Fukushima,Japan,37.378867,140.223295,218,2,180,36,"Fukushima, Japan",11.812395320774266,0.9174311926605504
Gifu,Japan,35.778671,137.055925,597,10,552,35,"Gifu, Japan",30.05154065741898,1.6750418760469012
Gunma,Japan,36.504479,138.985605,644,19,480,145,"Gunma, Japan",33.15390412961735,2.950310559006211
Hiroshima,Japan,34.605309000000005,132.788719,472,3,461,8,"Hiroshima, Japan",16.832033070665652,0.6355932203389829
Hokkaido,Japan,43.385711,142.552318,1933,106,1742,85,"Hokkaido, Japan",36.81870397781049,5.483704086911536
Hyogo,Japan,35.039913,134.828057,2582,56,2349,177,"Hyogo, Japan",47.23582605068613,2.168861347792409
Ibaraki,Japan,36.303588,140.319591,623,16,568,39,"Ibaraki, Japan",21.780878765810805,2.5682182985553768
Ishikawa,Japan,36.769464,136.771027,750,44,636,70,"Ishikawa, Japan",65.92543042713525,5.866666666666666
Iwate,Japan,39.593287,141.361777,23,1,23,1,"Iwate, Japan",1.874771766915332,1.0
Kagawa,Japan,34.217292,133.969047,94,2,82,10,"Kagawa, Japan",9.82906831934434,2.127659574468085
Kagoshima,Japan,31.009484000000004,130.430665,377,12,354,11,"Kagoshima, Japan",23.52907400923563,3.1830238726790454
Kanagawa,Japan,35.415312,139.338983,6327,136,5484,707,"Kanagawa, Japan",68.78468859572259,2.149517938991623
Kochi,Japan,33.422519,133.367307,137,4,129,4,"Kochi, Japan",19.626691727707588,2.9197080291970803
Kumamoto,Japan,32.608154,130.74523100000002,570,8,537,25,"Kumamoto, Japan",32.61677520804639,1.4035087719298245
Kyoto,Japan,35.253815,135.443341,1672,25,1554,93,"Kyoto, Japan",64.7320106374206,1.4952153110047848
Mie,Japan,34.508018,136.376013,469,5,388,76,"Mie, Japan",26.33526533481725,1.0660980810234542
Miyagi,Japan,38.446859,140.927086,365,2,263,100,"Miyagi, Japan",15.82576912153974,0.547945205479452
Miyazaki,Japan,32.193203999999994,131.299374,365,1,340,24,"Miyazaki, Japan",34.00723562169419,0.273972602739726
Nagano,Japan,36.132134,138.045528,300,1,296,3,"Nagano, Japan",14.642789158478909,0.3333333333333333
Nagasaki,Japan,33.235712,129.608033,236,3,227,6,"Nagasaki, Japan",17.79085791135328,1.2711864406779658
Nara,Japan,34.317451,135.871644,552,9,527,16,"Nara, Japan",41.49992143583714,1.6304347826086956
Niigata,Japan,37.521819,138.918647,162,1,144,18,"Niigata, Japan",7.287101919566588,1.0
Oita,Japan,33.200697,131.43323999999998,158,2,151,5,"Oita, Japan",13.915383897258671,1.2658227848101269
Okayama,Japan,34.89246,133.826252,148,1,146,1,"Okayama, Japan",7.832403500025933,0.6756756756756757
Okinawa,Japan,25.768923,126.668016,2343,45,2139,159,"Okinawa, Japan",161.23393853979718,1.9206145966709347
Osaka,Japan,34.620965000000005,135.507481,10001,192,9014,795,"Osaka, Japan",113.52693719171296,1.91980801919808
Port Quarantine,Japan,,,887,1,514,372,"Port Quarantine, Japan",1.0,0.1127395715896279
Saga,Japan,33.286977,130.115738,243,1,243,1,"Saga, Japan",29.82652744347382,1.0
Saitama,Japan,35.997101,139.347635,4424,100,4011,313,"Saitama, Japan",60.192990373883646,2.260397830018084
Shiga,Japan,35.21582700000001,136.138064,477,7,448,22,"Shiga, Japan",33.73544760998145,1.4675052410901468
Shimane,Japan,35.07076,132.55406399999998,137,1,137,1,"Shimane, Japan",20.315980223802026,1.0
Shizuoka,Japan,34.916975,138.40778400000002,519,2,494,23,"Shizuoka, Japan",14.244435612955357,0.3853564547206166
Tochigi,Japan,36.689912,139.819213,385,1,313,71,"Tochigi, Japan",19.90703157720567,0.2597402597402597
Tokushima,Japan,33.919178,134.242091,147,9,107,31,"Tokushima, Japan",20.192945656250128,6.122448979591836
Tokyo,Japan,35.711343,139.446921,24056,390,21208,2458,"Tokyo, Japan",172.8078612347702,1.6212171599600929
Tottori,Japan,35.359069,133.863619,36,1,23,13,"Tottori, Japan",6.479971488125452,1.0
Toyama,Japan,36.637464,137.26934599999998,410,25,374,11,"Toyama, Japan",39.29077280158543,6.097560975609755
Unknown,Japan,,,8,1,8,1,"Unknown, Japan",1.0,1.0
Wakayama,Japan,33.911879,135.505446,236,5,227,4,"Wakayama, Japan",25.515361653222453,2.1186440677966103
Yamagata,Japan,38.448396,140.102154,78,1,76,1,"Yamagata, Japan",7.237864050642778,1.2820512820512822
Yamaguchi,Japan,34.201190000000004,131.573293,195,1,171,23,"Yamaguchi, Japan",14.355800037693175,0.5128205128205128
Yamanashi,Japan,35.612364,138.61148899999998,181,6,168,7,"Yamanashi, Japan",22.3193366841111,3.314917127071824
,Jordan,31.24,36.51,4540,30,2672,1838,Jordan,44.49610610067096,0.6607929515418502
,Kazakhstan,48.0196,66.9237,107262,1671,101877,3714,Kazakhstan,571.250326268605,1.557867651171897
,Kenya,-0.0236,37.9062,36829,646,23777,12406,Kenya,68.4919278499869,1.7540525129653262
,"Korea, South",35.90775700000001,127.766922,22975,383,20158,2434,"Korea, South",44.8124948665556,1.6670293797606093
,Kosovo,42.602636,20.902977,12683,488,8788,3407,Kosovo,700.5765684949894,3.8476701095955215
,Kuwait,29.31166,47.481766,99049,581,89498,8970,Kuwait,2319.342906310011,0.5865783602055549
,Kyrgyzstan,41.20438,74.766098,45335,1063,41484,2788,Kyrgyzstan,694.8754259340352,2.34476673651704
,Laos,19.85627,102.495496,23,1,22,1,Laos,0.3161270423868636,1.0
,Latvia,56.8796,24.6032,1515,36,1248,231,Latvia,80.32013538316681,2.376237623762376
,Lebanon,33.8547,35.8623,28297,286,11440,16571,Lebanon,414.5812095392503,1.0107078488885748
,Lesotho,-29.61,28.2336,1390,33,754,603,Lesotho,64.88499018789572,2.3741007194244603
,Liberia,6.4280550000000005,-9.429499,1335,82,1216,37,Liberia,26.39551715145115,6.142322097378278
,Libya,26.3351,17.228331,27234,436,14679,12119,Libya,396.3449641966636,1.6009400014687525
,Liechtenstein,47.14,9.55,113,1,109,3,Liechtenstein,296.3001809266592,0.8849557522123894
,Lithuania,55.1694,23.8813,3664,87,2197,1380,Lithuania,134.59251784618178,2.3744541484716155
,Luxembourg,49.8153,6.1296,7718,124,6703,891,Luxembourg,1232.9546180684245,1.6066338429644986
,MS Zaandam,,,9,2,1,7,MS Zaandam,1.0,22.222222222222214
,Madagascar,-18.766947,46.869107,16020,219,14630,1171,Madagascar,57.85269223931412,1.367041198501873
,Malawi,-13.2543,34.3015,5718,179,4030,1509,Malawi,29.890295089559803,3.1304651976215463
,Malaysia,4.210483999999999,101.975766,10167,130,9315,722,Malaysia,31.41259540336127,1.2786466017507625
,Maldives,3.2028,73.2207,9649,33,8188,1428,Maldives,1785.0601803375132,0.3420043527826717
,Mali,17.570692,-3.996166000000001,3006,128,2349,529,Mali,14.843833098429425,4.258150365934797
,Malta,35.9375,14.3754,2699,19,2017,663,Malta,611.2710315510068,0.7039644312708411
,Mauritania,21.0079,-10.9408,7365,161,6927,277,Mauritania,158.39867861305987,2.1860149355057708
,Mauritius,-20.348404,57.552152,366,10,338,18,Mauritius,28.77885650437541,2.7322404371584703
Aguascalientes,Mexico,21.8853,-102.2916,6581,555,5783,243,"Aguascalientes, Mexico",458.7229504368706,8.433368788937852
Baja California,Mexico,30.8406,-115.2838,18501,3367,14561,573,"Baja California, Mexico",508.9868462898792,18.19901626939084
Baja California Sur,Mexico,26.0444,-111.6661,9374,428,8112,834,"Baja California Sur, Mexico",1164.8945953066204,4.565820354171112
Campeche,Mexico,19.8301,-90.5349,5851,800,4981,70,"Campeche, Mexico",584.7392159037872,13.672876431379253
Chiapas,Mexico,16.7569,-93.1292,6427,1016,5354,57,"Chiapas, Mexico",112.1568653456227,15.808308697681651
Chihuahua,Mexico,28.63300000000001,-106.0691,9464,1276,7553,635,"Chihuahua, Mexico",248.95521147382595,13.482671174978869
Ciudad de Mexico,Mexico,19.4326,-99.1332,116943,11545,98840,6558,"Ciudad de Mexico, Mexico",1296.680377152,9.872330964657996
Coahuila,Mexico,27.0587,-101.7068,24766,1723,22020,1023,"Coahuila, Mexico",769.4362976586966,6.95711863038036
Colima,Mexico,19.1223,-104.0072,4380,518,3567,295,"Colima, Mexico",557.8530553917517,11.82648401826484
Durango,Mexico,24.5593,-104.6588,8098,559,6859,680,"Durango, Mexico",433.2807560850853,6.90293899728328
Guanajuato,Mexico,21.019,-101.2574,38340,2709,33126,2505,"Guanajuato, Mexico",615.5896390194561,7.065727699530517
Guerrero,Mexico,17.4392,-99.5451,17335,1811,14318,1206,"Guerrero, Mexico",474.0162010452145,10.447072396884916
Hidalgo,Mexico,20.0911,-98.7624,11930,1853,9478,599,"Hidalgo, Mexico",386.53272049699103,15.532271584241409
Jalisco,Mexico,20.6595,-103.3494,24400,2974,19623,1803,"Jalisco, Mexico",290.1413880387786,12.188524590163937
Mexico,Mexico,19.4969,-99.7233,76784,8936,64292,3556,"Mexico, Mexico",440.5836884653762,11.637841216920192
Michoacan,Mexico,19.5665,-101.7068,18684,1480,15891,1313,"Michoacan, Mexico",387.2009808096778,7.921216013701563
Morelos,Mexico,18.6813,-99.1013,5699,1054,4449,196,"Morelos, Mexico",278.80813558128,18.49447271451132
Nayarit,Mexico,21.7514,-104.8455,5642,695,4662,285,"Nayarit, Mexico",437.84936957296105,12.318326834455869
Nuevo Leon,Mexico,25.5922,-99.9962,35910,2820,30263,2827,"Nuevo Leon, Mexico",640.0894948854336,7.85296574770259
Oaxaca,Mexico,17.0732,-96.7266,15374,1356,13292,726,"Oaxaca, Mexico",371.0306490043787,8.820085859242877
Puebla,Mexico,19.0414,-98.2063,29938,3916,25066,956,"Puebla, Mexico",453.3003575921753,13.080366089919169
Queretaro,Mexico,20.5888,-100.3899,8152,917,6702,533,"Queretaro, Mexico",357.60079345966034,11.248773307163882
Quintana Roo,Mexico,19.1817,-88.4791,11290,1573,9361,356,"Quintana Roo, Mexico",655.1539843981665,13.932683790965454
San Luis Potosi,Mexico,22.1565,-100.9855,21524,1531,19097,896,"San Luis Potosi, Mexico",750.974655128741,7.112990150529642
Sinaloa,Mexico,25.1721,-107.4795,17772,3031,14186,555,"Sinaloa, Mexico",562.997636119536,17.054917848300697
Sonora,Mexico,29.2972,-110.3309,23749,2827,20240,682,"Sonora, Mexico",772.3892550439142,11.90365910143585
Tabasco,Mexico,17.8409,-92.6189,30753,2745,27115,893,"Tabasco, Mexico",1195.5508852628031,8.925958443078724
Tamaulipas,Mexico,24.2669,-98.8363,27645,2059,24678,908,"Tamaulipas, Mexico",757.2723622021792,7.448001446916259
Tlaxcala,Mexico,19.3139,-98.2404,7165,1002,5994,169,"Tlaxcala, Mexico",519.1987600098839,13.984647592463364
Veracruz,Mexico,19.1738,-96.1342,31680,4046,26543,1091,"Veracruz, Mexico",370.9661818891218,12.771464646464649
Yucatan,Mexico,20.7099,-89.0943,17222,1506,14630,1086,"Yucatan, Mexico",762.3396594570047,8.74462896295436
Zacatecas,Mexico,22.7709,-102.5832,6748,630,5518,600,"Zacatecas, Mexico",404.9384731155178,9.33609958506224
,Moldova,47.4116,28.3699,46336,1201,34236,10899,Moldova,1148.647124428261,2.5919371546961325
,Monaco,43.7333,7.4167,192,1,152,39,Monaco,489.24676383651,0.5208333333333334
,Mongolia,46.8625,103.8467,312,1,302,10,Mongolia,9.517151004242454,1.0
,Montenegro,42.708678000000006,19.37439,7898,134,5129,2635,Montenegro,1257.5191621209372,1.6966320587490504
,Morocco,31.7917,-7.0926,99816,1795,79008,19013,Morocco,270.4266892957836,1.7983088883545724
,Mozambique,-18.665695,35.529562,6537,41,3620,2876,Mozambique,20.914762504505216,0.6271990209576258
,Namibia,-22.9576,18.4904,10292,111,7969,2212,Namibia,405.05077696389816,1.0785075787019045
,Nepal,28.1667,84.25,62797,401,45267,17129,Nepal,215.5246381140996,0.6385655365702183
Aruba,Netherlands,12.5211,-69.9683,3460,23,2128,1309,"Aruba, Netherlands",3240.732068261432,0.6647398843930635
"Bonaire, Sint Eustatius and Saba",Netherlands,12.1784,-68.2385,36,1,17,18,"Bonaire, Sint Eustatius and Saba, Netherlands",137.294534914763,2.7777777777777777
Curacao,Netherlands,12.1696,-68.99,247,1,88,158,"Curacao, Netherlands",150.51797684338817,0.4048582995951417
Drenthe,Netherlands,52.862485,6.6184350000000025,722,41,1,681,"Drenthe, Netherlands",146.2479895965419,5.678670360110804
Flevoland,Netherlands,52.550383,5.515162,1762,97,1,1665,"Flevoland, Netherlands",416.52778467262857,5.505107832009081
Friesland,Netherlands,53.087337,5.7925,1011,69,1,942,"Friesland, Netherlands",155.54875168665004,6.824925816023739
Gelderland,Netherlands,52.061738,5.939114,9126,692,1,8434,"Gelderland, Netherlands",437.4980824103335,7.582730659653738
Groningen,Netherlands,53.217922,6.741514,1011,19,1,992,"Groningen, Netherlands",172.5650575387546,1.8793273986152323
Limburg,Netherlands,51.209227,5.93387,5990,760,1,5230,"Limburg, Netherlands",536.1613532390322,12.68781302170284
Noord-Brabant,Netherlands,51.561174,5.184942,14278,1552,1,12726,"Noord-Brabant, Netherlands",557.0913262230512,10.869869729654011
Noord-Holland,Netherlands,52.60090600000001,4.918688,18087,840,1,17247,"Noord-Holland, Netherlands",628.1239939753995,4.644219605241333
Overijssel,Netherlands,52.444558,6.441722,4041,314,1,3727,"Overijssel, Netherlands",347.6410135529238,7.7703538728037636
Sint Maarten,Netherlands,18.0425,-63.0548,584,20,488,76,"Sint Maarten, Netherlands",1361.876778135348,3.424657534246576
Unknown,Netherlands,,,792,18,1,774,"Unknown, Netherlands",1.0,2.272727272727273
Utrecht,Netherlands,52.084251,5.163824,7260,437,1,6823,"Utrecht, Netherlands",535.8590056051147,6.019283746556474
Zeeland,Netherlands,51.47936,3.861559,1210,72,1,1138,"Zeeland, Netherlands",315.5248664886515,5.950413223140496
Zuid-Holland,Netherlands,51.937835,4.462114,26644,1364,1,25280,"Zuid-Holland, Netherlands",718.4196278152752,5.119351448731422
,New Zealand,-40.9006,174.886,1815,25,1719,71,New Zealand,37.63816472576087,1.3774104683195592
,Nicaragua,12.865416,-85.207229,4961,147,2913,1901,Nicaragua,74.88806038866919,2.963112275750857
,Niger,17.607789,8.081666,1183,69,1104,10,Niger,4.887089639386488,5.832628909551986
,Nigeria,9.082,8.6753,57145,1095,48431,7619,Nigeria,27.72150698060727,1.9161781433196248
,North Macedonia,41.6086,21.7453,16557,689,13792,2076,North Macedonia,794.7181983123578,4.161381892854986
,Norway,60.472,8.4689,12858,267,10371,2220,Norway,237.178122651599,2.076528231451237
,Oman,21.512583,55.92325500000001,91753,818,84648,6287,Oman,1796.7454806719586,0.8915239828670453
Azad Jammu and Kashmir,Pakistan,34.027401,73.947253,2517,67,2257,193,"Azad Jammu and Kashmir, Pakistan",62.21933936261885,2.6618990862137464
Balochistan,Pakistan,28.328492,65.898403,14269,145,12969,1155,"Balochistan, Pakistan",115.59080030407291,1.0161889410610414
Gilgit-Baltistan,Pakistan,35.792146,74.982138,3450,81,3036,333,"Gilgit-Baltistan, Pakistan",340.37632796097813,2.347826086956522
Islamabad,Pakistan,33.665087,73.121219,16124,180,15529,415,"Islamabad, Pakistan",803.5595034715924,1.1163483006698092
Khyber Pakhtunkhwa,Pakistan,34.485332,72.09169,37317,1258,35500,559,"Khyber Pakhtunkhwa, Pakistan",122.25713863648944,3.3711177211458585
Punjab,Pakistan,30.811346,72.13913199999998,98368,2226,94773,1369,"Punjab, Pakistan",89.41534085753682,2.2629310344827585
Sindh,Pakistan,26.009446,68.77680699999999,133626,2459,128239,2928,"Sindh, Pakistan",279.04994713387407,1.840210737431338
,Panama,8.538,-80.7821,105601,2247,80190,23164,Panama,2447.431704323384,2.127820759273113
,Papua New Guinea,-6.314993,143.95555,516,6,232,278,Papua New Guinea,5.767278896107054,1.162790697674419
,Paraguay,-23.4425,-58.4438,33015,636,17535,14844,Paraguay,462.8792307918789,1.926397092230804
Amazonas,Peru,-5.077253,-78.050172,12987,204,1,12783,"Amazonas, Peru",3042.8772258669164,1.5708015708015708
Ancash,Peru,-9.407125,-77.67179499999997,21235,1248,1,19987,"Ancash, Peru",1798.6616974419787,5.8770897103838005
Apurimac,Peru,-14.027713,-72.975378,4200,79,1,4121,"Apurimac, Peru",975.156721615974,1.880952380952381
Arequipa,Peru,-15.843524,-72.475539,39046,1297,1,37749,"Arequipa, Peru",2607.586483237612,3.321723095835681
Ayacucho,Peru,-14.091648,-74.08344,10410,286,1,10124,"Ayacucho, Peru",1557.9167913798265,2.7473583093179634
Cajamarca,Peru,-6.430284,-78.74559599999998,18433,441,1,17992,"Cajamarca, Peru",1268.005778358671,2.392448326371181
Callao,Peru,-11.954609,-77.136042,30730,1687,1,29043,"Callao, Peru",2719.709708823789,5.489749430523918
Cusco,Peru,-13.191068,-72.153609,19135,387,1,18748,"Cusco, Peru",1409.9918944808785,2.02247191011236
Huancavelica,Peru,-13.023888,-75.00277,5997,102,1,5895,"Huancavelica, Peru",1641.6643854366275,1.7008504252126062
Huanuco,Peru,-9.421676,-76.040642,14919,366,1,14553,"Huanuco, Peru",1962.251742733132,2.45324753669817
Ica,Peru,-14.235097,-75.574821,25278,1546,1,23732,"Ica, Peru",2592.0836751435604,6.1159901890972375
Junin,Peru,-11.541783,-74.876968,17991,723,1,17268,"Junin, Peru",1321.4102093279469,4.018676004669001
La Libertad,Peru,-7.92139,-78.370238,26715,2158,1,24557,"La Libertad, Peru",1324.623165410551,8.077858880778589
Lambayeque,Peru,-6.353049,-79.824113,24711,1650,1,23061,"Lambayeque, Peru",1885.184620079341,6.677188296709968
Lima,Peru,-11.766533,-76.60449799999998,349167,14009,1,335158,"Lima, Peru",3285.195465023287,4.012120274825513
Loreto,Peru,-4.124847,-74.424115,17506,940,1,16566,"Loreto, Peru",1703.5811599844296,5.369587569976008
Madre de Dios,Peru,-11.972699,-70.53171999999998,7366,136,1,7230,"Madre de Dios, Peru",4238.204833141542,1.8463209340211784
Moquegua,Peru,-16.860271,-70.839046,11703,253,1,11450,"Moquegua, Peru",6073.170731707317,2.161838844740665
Pasco,Peru,-10.39655,-75.307635,4657,100,1,4557,"Pasco, Peru",1712.7620448694372,2.147305132059265
Piura,Peru,-5.133361,-80.335861,33299,1911,1,31388,"Piura, Peru",1625.927734375,5.738911078410762
Puno,Peru,-14.995826999999998,-69.922726,11588,278,1,11310,"Puno, Peru",936.0258481421648,2.399033482913359
San Martin,Peru,-7.039531,-76.729127,16297,686,1,15611,"San Martin, Peru",1811.5829257447756,4.20936368656808
Tacna,Peru,-17.644160999999997,-70.27756,11012,194,1,10818,"Tacna, Peru",2968.194070080863,1.761714493280058
Tumbes,Peru,-3.857496,-80.54525500000003,6735,293,1,6442,"Tumbes, Peru",2677.9324055666,4.350408314773572
Ucayali,Peru,-9.621718,-73.444929,15295,309,1,14986,"Ucayali, Peru",2596.3333899168224,2.0202680614579926
Unknown,Peru,,,1,1,594513,1,"Unknown, Peru",1.0,1.0
,Philippines,12.879721,121.774017,283460,4930,209885,68645,Philippines,258.67602971808503,1.7392224652508292
,Poland,51.9194,19.1451,78330,2282,63861,12187,Poland,206.9670449965063,2.9133154602323503
,Portugal,39.3999,-8.2245,68025,1899,45404,20722,Portugal,667.127142125394,2.7916207276736493
,Qatar,25.3548,51.1839,123146,209,120089,2848,Qatar,4274.329587026997,0.1697172461955727
,Romania,45.9432,24.9668,111550,4402,89119,18029,Romania,579.851564237313,3.946212460779919
Adygea Republic,Russia,44.6939006,40.1520421,3775,31,3253,491,"Adygea Republic, Russia",832.6422219085263,0.8211920529801324
Altai Krai,Russia,52.6932243,82.69314240000001,12914,164,11648,1102,"Altai Krai, Russia",549.5132080610022,1.2699396004336378
Altai Republic,Russia,50.7114101,86.8572186,2798,12,2235,551,"Altai Republic, Russia",1283.1154299445573,0.4288777698355968
Amur Oblast,Russia,52.8032368,128.437295,3959,50,3514,395,"Amur Oblast, Russia",495.8518281013597,1.262945188178833
Arkhangelsk Oblast,Russia,63.5589686,43.1221646,12290,257,9799,2234,"Arkhangelsk Oblast, Russia",1064.0434690760744,2.09113100081367
Astrakhan Oblast,Russia,47.1878186,47.608851,6550,94,6144,312,"Astrakhan Oblast, Russia",643.725786573944,1.4351145038167938
Bashkortostan Republic,Russia,54.8573563,57.1439682,8384,33,8158,193,"Bashkortostan Republic, Russia",206.3351080023025,0.3936068702290077
Belgorod Oblast,Russia,50.7080119,37.5837615,8208,57,7521,630,"Belgorod Oblast, Russia",529.5907543571228,0.6944444444444444
Bryansk Oblast,Russia,52.8873315,33.41585300000001,8927,37,7288,1602,"Bryansk Oblast, Russia",737.1703295342128,0.414472947238714
Buryatia Republic,Russia,52.7182426,109.492143,6152,62,5223,867,"Buryatia Republic, Russia",624.878746910903,1.0078023407022108
Chechen Republic,Russia,43.39761470000001,45.6985005,2374,40,1811,523,"Chechen Republic, Russia",165.20747316770368,1.6849199663016006
Chelyabinsk Oblast,Russia,54.4223954,61.1865846,14928,122,10969,3837,"Chelyabinsk Oblast, Russia",427.3646192023214,0.8172561629153269
Chukotka Autonomous Okrug,Russia,66.0006475,169.4900869,182,2,172,8,"Chukotka Autonomous Okrug, Russia",368.809272918862,1.0989010989010992
Chuvashia Republic,Russia,55.4259922,47.0849429,8301,85,7047,1169,"Chuvashia Republic, Russia",674.2657277902912,1.0239730152993616
Dagestan Republic,Russia,43.05749160000001,47.1332224,12514,543,10744,1227,"Dagestan Republic, Russia",408.4356952039648,4.3391401630174204
Ingushetia Republic,Russia,43.11542075,45.01713552,5136,78,4408,650,"Ingushetia Republic, Russia",1052.3662873968071,1.5186915887850467
Irkutsk Oblast,Russia,56.6370122,104.719221,18211,274,14815,3122,"Irkutsk Oblast, Russia",757.4676762908168,1.5045851408489377
Ivanovo Oblast,Russia,56.9167446,41.43521370000001,8184,130,6708,1346,"Ivanovo Oblast, Russia",806.5867307415591,1.5884652981427174
Jewish Autonomous Okrug,Russia,48.57527615,132.66307460000002,772,10,642,120,"Jewish Autonomous Okrug, Russia",476.50203068870593,1.2953367875647668
Kabardino-Balkarian Republic,Russia,43.4806048,43.5978976,7191,86,6344,761,"Kabardino-Balkarian Republic, Russia",830.5344710496772,1.1959393686552635
Kaliningrad Oblast,Russia,54.7293041,21.1489473,3941,67,3118,756,"Kaliningrad Oblast, Russia",396.2400927408937,1.7000761228114691
Kalmykia Republic,Russia,46.2313018,45.3275745,5681,65,3332,2284,"Kalmykia Republic, Russia",2062.720350891207,1.1441647597254003
Kaluga Oblast,Russia,54.4382773,35.5272854,8672,72,7367,1233,"Kaluga Oblast, Russia",856.8695803394279,0.8302583025830258
Kamchatka Krai,Russia,57.1914882,160.03838190000005,4224,67,3250,907,"Kamchatka Krai, Russia",1338.5854219681391,1.5861742424242424
Karachay-Cherkess Republic,Russia,43.7368326,41.7267991,6285,28,4703,1554,"Karachay-Cherkess Republic, Russia",1347.8302827548491,0.4455051710421639
Karelia Republic,Russia,62.61940309999999,33.4920267,3610,16,2635,959,"Karelia Republic, Russia",579.9345846640235,0.443213296398892
Kemerovo Oblast,Russia,54.53357809999999,87.342861,8323,67,6281,1975,"Kemerovo Oblast, Russia",308.8452645519628,0.8049981977652289
Khabarovsk Krai,Russia,51.6312684,136.121524,11325,101,9144,2080,"Khabarovsk Krai, Russia",852.5922568813417,0.8918322295805741
Khakassia Republic,Russia,53.72258845,91.44293627,3963,47,3366,550,"Khakassia Republic, Russia",737.2844935843412,1.1859702245773405
Khanty-Mansi Autonomous Okrug,Russia,61.0259025,69.0982628,21077,179,20289,609,"Khanty-Mansi Autonomous Okrug, Russia",1375.5651029242752,0.8492669734781991
Kirov Oblast,Russia,57.9665589,49.4074599,7769,120,5512,2137,"Kirov Oblast, Russia",605.4215975524414,1.5446003346634058
Komi Republic,Russia,63.9881421,54.3326073,7432,97,6376,959,"Komi Republic, Russia",883.8433390060092,1.3051668460710442
Kostroma Oblast,Russia,58.424756,44.2533273,4277,58,3148,1071,"Kostroma Oblast, Russia",664.8282980271216,1.3560907177928454
Krasnodar Krai,Russia,45.7684014,39.0261044,12937,241,10164,2532,"Krasnodar Krai, Russia",230.876857347834,1.8628739274947823
Krasnoyarsk Krai,Russia,63.3233807,97.0979974,18852,530,14706,3616,"Krasnoyarsk Krai, Russia",655.3804853611875,2.8113727986420542
Kurgan Oblast,Russia,55.7655302,64.5632681,3472,26,2973,473,"Kurgan Oblast, Russia",410.6266195329122,0.7488479262672811
Kursk Oblast,Russia,51.6568453,36.4852695,7682,56,6483,1143,"Kursk Oblast, Russia",688.8221965375969,0.7289768289507941
Leningrad Oblast,Russia,60.1853296,32.3925325,7519,91,5358,2070,"Leningrad Oblast, Russia",414.5403943950213,1.2102673227822849
Lipetsk Oblast,Russia,52.6935178,39.1122664,5715,37,5113,565,"Lipetsk Oblast, Russia",496.86967756070464,0.647419072615923
Magadan Oblast,Russia,62.48858785,153.9903764,2522,23,1971,528,"Magadan Oblast, Russia",1750.2828073925505,0.9119746233148296
Mari El Republic,Russia,56.5767504,47.8817512,4612,47,4075,490,"Mari El Republic, Russia",675.9163047954593,1.0190806591500434
Mordovia Republic,Russia,54.4419829,44.4661144,6057,40,5025,992,"Mordovia Republic, Russia",752.3700214643452,0.6603929337956084
Moscow,Russia,55.7504461,37.6174943,275633,5044,236055,34534,"Moscow, Russia",2203.9236017715,1.8299695609741944
Moscow Oblast,Russia,55.50431579999999,38.0353929,71348,1278,54355,15715,"Moscow Oblast, Russia",950.8775039532158,1.7912204967203005
Murmansk Oblast,Russia,68.00004179999999,33.9999151,14138,194,11694,2250,"Murmansk Oblast, Russia",1876.1686242712892,1.37218842834913
Nenets Autonomous Okrug,Russia,68.27557185,57.1686375,324,1,114,210,"Nenets Autonomous Okrug, Russia",736.413846398618,1.0
Nizhny Novgorod Oblast,Russia,55.47180329999999,44.0911594,30599,543,27156,2900,"Nizhny Novgorod Oblast, Russia",945.9457788417784,1.7745677963332136
North Ossetia - Alania Republic,Russia,42.79336110000001,44.6324493,5440,68,4607,765,"North Ossetia - Alania Republic, Russia",775.1882752773364,1.25
Novgorod Oblast,Russia,58.2843833,32.5169757,4832,86,3539,1207,"Novgorod Oblast, Russia",796.7339185722107,1.7798013245033113
Novosibirsk Oblast,Russia,54.9720169,79.48139240000002,12410,410,11289,711,"Novosibirsk Oblast, Russia",444.9864442284252,3.30378726833199
Omsk Oblast,Russia,56.09352629999999,73.5099936,10190,261,8917,1012,"Omsk Oblast, Russia",519.8764744926358,2.561334641805692
Orel Oblast,Russia,52.96854329999999,36.0692477,7975,122,6365,1488,"Orel Oblast, Russia",1067.2508554734914,1.5297805642633229
Orenburg Oblast,Russia,52.02692620000001,54.7276647,11729,82,10667,980,"Orenburg Oblast, Russia",593.0566510931781,0.6991218347685225
Penza Oblast,Russia,53.1655415,44.78791810000001,9875,122,8479,1274,"Penza Oblast, Russia",741.5584366821738,1.2354430379746837
Perm Krai,Russia,58.5951603,56.3159546,9012,248,6244,2520,"Perm Krai, Russia",343.56007841038274,2.751886373723924
Primorsky Krai,Russia,45.0819456,134.726645,10985,113,9419,1453,"Primorsky Krai, Russia",574.2178536013679,1.028675466545289
Pskov Oblast,Russia,57.5358729,28.8586826,5091,65,3887,1139,"Pskov Oblast, Russia",799.7850901584488,1.2767629149479474
Rostov Oblast,Russia,47.6222451,40.7957942,19885,436,16054,3395,"Rostov Oblast, Russia",471.15806553421294,2.19260749308524
Ryazan Oblast,Russia,54.42267320000001,40.57052460000001,7747,47,6565,1135,"Ryazan Oblast, Russia",690.7873031385478,0.6066864592745579
Saint Petersburg,Russia,59.9606739,30.158655100000004,40517,2762,27717,10038,"Saint Petersburg, Russia",757.0532900717218,6.816891675099341
Sakha (Yakutiya) Republic,Russia,66.941626,129.642371,8536,93,6632,1811,"Sakha (Yakutiya) Republic, Russia",885.174162371802,1.0895032802249298
Sakhalin Oblast,Russia,49.7219665,143.448533,5206,1,3679,1527,"Sakhalin Oblast, Russia",1062.0566688631343,1.0
Samara Oblast,Russia,53.2128813,50.8914633,10550,172,8210,2168,"Samara Oblast, Russia",330.3570925319257,1.6303317535545023
Saratov Oblast,Russia,51.6520555,46.86319520000001,14332,93,9477,4762,"Saratov Oblast, Russia",581.9038145313548,0.6488975718671505
Smolensk Oblast,Russia,55.03434960000001,33.0192065,6408,137,5627,644,"Smolensk Oblast, Russia",674.9895717903235,2.137952559300874
Stavropol Krai,Russia,44.86325770000001,43.4406913,14487,287,10225,3975,"Stavropol Krai, Russia",517.268343263086,1.9810864913370607
Sverdlovsk Oblast,Russia,58.6414755,61.8021546,27679,567,21087,6025,"Sverdlovsk Oblast, Russia",639.9390001424193,2.048484410563965
Tambov Oblast,Russia,52.9019574,41.3578918,7288,46,6392,850,"Tambov Oblast, Russia",705.1411056241002,0.6311745334796927
Tatarstan Republic,Russia,55.7648572,52.43104273,6974,45,5898,1031,"Tatarstan Republic, Russia",179.08298418913463,0.6452537998279323
Tomsk Oblast,Russia,58.6124279,82.04753149999998,6713,78,5462,1173,"Tomsk Oblast, Russia",622.5655673850947,1.1619246238641443
Tula Oblast,Russia,53.9570701,37.3690909,9808,356,8801,651,"Tula Oblast, Russia",657.4365471175147,3.629690048939641
Tver Oblast,Russia,57.1134475,35.174442799999994,5862,227,4416,1219,"Tver Oblast, Russia",456.58721695993296,3.872398498805868
Tyumen Oblast,Russia,58.8206488,70.36588370000001,8754,36,7402,1316,"Tyumen Oblast, Russia",237.081572960676,0.4112405757368061
Tyva Republic,Russia,51.4017149,93.8582593,7321,71,6609,641,"Tyva Republic, Russia",2275.5671045188087,0.9698128670946592
Udmurt Republic,Russia,57.1961165,52.69598320000001,4245,62,3261,922,"Udmurt Republic, Russia",280.5602480826731,1.4605418138987043
Ulyanovsk Oblast,Russia,54.1463177,47.2324921,14154,140,12136,1878,"Ulyanovsk Oblast, Russia",1135.3919163689277,0.9891196834817012
Vladimir Oblast,Russia,56.0503336,40.6561633,6906,201,5774,931,"Vladimir Oblast, Russia",501.03857039316216,2.9105125977410946
Volgograd Oblast,Russia,49.6048339,44.29035820000001,13965,130,12334,1501,"Volgograd Oblast, Russia",553.8862068254329,0.9308986752595776
Vologda Oblast,Russia,60.0391461,43.1215213,4124,45,3523,556,"Vologda Oblast, Russia",350.47493432844186,1.0911736178467508
Voronezh Oblast,Russia,50.9800393,40.15065070000001,16256,153,15125,978,"Voronezh Oblast, Russia",696.5559558619368,0.9411909448818898
Yamalo-Nenets Autonomous Okrug,Russia,67.1471631,74.3415488,14398,98,13259,1041,"Yamalo-Nenets Autonomous Okrug, Russia",2673.48996466418,0.6806500902903181
Yaroslavl Oblast,Russia,57.77819760000001,39.0021095,8041,45,7659,337,"Yaroslavl Oblast, Russia",635.3086552409608,0.5596318865812709
Zabaykalsky Krai,Russia,52.248521,115.956325,5481,65,4602,814,"Zabaykalsky Krai, Russia",510.9031828681048,1.1859149790184274
,Rwanda,-1.9403,29.8739,4689,26,2910,1753,Rwanda,36.20231884769617,0.5544892301130305
,Saint Kitts and Nevis,17.357822,-62.782998,17,1,17,1,Saint Kitts and Nevis,31.959693186945405,1.0
,Saint Lucia,13.9094,-60.9789,27,1,26,1,Saint Lucia,14.70355989522352,1.0
,Saint Vincent and the Grenadines,12.9843,-61.2872,64,1,64,1,Saint Vincent and the Grenadines,57.68520104193895,1.0
,San Marino,43.9424,12.4578,723,42,669,12,San Marino,2130.355353880606,5.809128630705394
,Sao Tome and Principe,0.1864,6.6131,908,15,876,17,Sao Tome and Principe,414.30729007442017,1.6519823788546255
,Saudi Arabia,23.885942,45.079162,329271,4458,309430,15383,Saudi Arabia,945.8041532703046,1.353899979044617
,Senegal,14.4974,-14.4524,14688,302,11153,3233,Senegal,87.72134140551232,2.056100217864924
,Serbia,44.0165,21.0059,32840,740,1,32100,Serbia,375.8568081699642,2.2533495736906213
,Seychelles,-4.6796,55.492,141,1,136,5,Seychelles,143.38010982306284,1.0
,Sierra Leone,8.460555000000001,-11.779889,2159,72,1650,437,Sierra Leone,27.065363668102677,3.33487725798981
,Singapore,1.2833,103.8333,57558,27,57142,389,Singapore,983.8397509342616,0.0469092046283748
,Slovakia,48.669,19.699,6546,39,3519,2988,Slovakia,119.89794937141492,0.5957836846929423
,Slovenia,46.1512,14.9955,4309,141,2981,1187,Slovenia,207.2698866533393,3.2722209329310745
,Somalia,5.152149,46.199616,3401,98,2812,491,Somalia,21.399063336382643,2.881505439576596
,South Africa,-30.5595,22.9375,659656,15940,589434,54282,South Africa,1112.2417305120043,2.4164109778429967
,South Sudan,6.877000000000002,31.307,2642,49,1290,1303,South Sudan,23.602501007483745,1.854655563966692
Andalusia,Spain,37.5443,-4.7278,47612,1662,10671,35279,"Andalusia, Spain",564.9663211866524,3.490716626060657
Aragon,Spain,41.5976,-0.9057,32266,1302,3772,27192,"Aragon, Spain",2443.3092581626643,4.035207338994606
Asturias,Spain,43.3614,-5.8593,4340,341,1063,2936,"Asturias, Spain",424.57237051276405,7.857142857142858
Baleares,Spain,39.710358,2.995148,12059,270,1533,10256,"Baleares, Spain",1014.8793994378144,2.238991624512812
C. Valenciana,Spain,39.484,-0.7533,34370,1541,9970,22859,"C. Valenciana, Spain",690.8585762041936,4.48356124527204
Canarias,Spain,28.2916,-16.6291,11479,209,1537,9733,"Canarias, Spain",520.1411390905165,1.820716090251764
Cantabria,Spain,43.1828,-3.9878,6058,231,2287,3540,"Cantabria, Spain",1041.5359302387556,3.8131396500495214
Castilla - La Mancha,Spain,39.2796,-3.0977,34835,3065,6392,25378,"Castilla - La Mancha, Spain",1711.897082722936,8.798622075498779
Castilla y Leon,Spain,41.8357,-4.3976,38872,2931,8716,27225,"Castilla y Leon, Spain",1614.46472677826,7.540131714344517
Catalonia,Spain,41.5912,1.5209,128901,5797,26203,96901,"Catalonia, Spain",1703.5905038980732,4.497249827386909
Ceuta,Spain,35.8894,-5.3213,441,9,163,269,"Ceuta, Spain",519.8693842907496,2.0408163265306123
Extremadura,Spain,39.4937,-6.0679,8166,544,2652,4970,"Extremadura, Spain",766.4554205649582,6.6617683076169465
Galicia,Spain,42.5751,-8.1339,18593,702,9204,8687,"Galicia, Spain",688.5171718248982,3.7756144785672032
La Rioja,Spain,42.2871,-2.5396,7333,393,3107,3833,"La Rioja, Spain",2338.545337419596,5.359334515205236
Madrid,Spain,40.4168,-3.7038,187045,8999,40736,137310,"Madrid, Spain",2816.2433757038348,4.811141703868053
Melilla,Spain,35.2923,-2.9381,664,4,125,535,"Melilla, Spain",784.0451534437766,0.6024096385542169
Murcia,Spain,37.9922,-1.1307,13371,193,2180,10998,"Murcia, Spain",898.7922667969832,1.4434223319123476
Navarra,Spain,42.6954,-1.6761,14205,553,3905,9747,"Navarra, Spain",2185.566185498488,3.8929954241464273
Pais Vasco,Spain,42.9896,-2.6189,39430,1749,16160,21521,"Pais Vasco, Spain",1810.4762429518607,4.435708851128583
Unknown,Spain,,,1,1,1,1,"Unknown, Spain",1.0,1.0
,Sri Lanka,7.873054,80.77179699999998,3283,13,3070,200,Sri Lanka,15.331628781245255,0.395979287237283
,Sudan,12.8628,30.2176,13535,836,6759,5940,Sudan,30.86710521901745,6.176579239009974
,Suriname,3.9193,-56.0278,4709,97,4383,229,Suriname,802.7151511845544,2.059885325971544
Blekinge,Sweden,56.2784,15.018,624,17,1,607,"Blekinge, Sweden",390.96274576143753,2.7243589743589745
Dalarna,Sweden,61.0917,14.6664,2365,174,1,2191,"Dalarna, Sweden",821.2775119284915,7.357293868921776
Gavleborg,Sweden,61.3012,16.1534,3285,167,1,3118,"Gavleborg, Sweden",1143.0778545629162,5.083713850837139
Gotland,Sweden,57.4684,18.4867,324,6,1,318,"Gotland, Sweden",542.8408672050397,1.851851851851852
Halland,Sweden,56.8967,12.8034,2356,83,1,2273,"Halland, Sweden",705.710383168388,3.5229202037351444
Jamtland Harjedalen,Sweden,63.1712,14.9592,1222,64,1,1158,"Jamtland Harjedalen, Sweden",934.1793440868436,5.237315875613748
Jonkoping,Sweden,57.3708,14.3439,5224,181,1,5043,"Jonkoping, Sweden",1436.747625818553,3.464777947932619
Kalmar,Sweden,57.235,16.1849,911,64,1,847,"Kalmar, Sweden",371.16107005206845,7.025246981339188
Kronoberg,Sweden,56.7183,14.4115,1548,116,1,1432,"Kronoberg, Sweden",768.3564220798238,7.493540051679586
Norrbotten,Sweden,66.8309,20.3992,1685,88,1,1597,"Norrbotten, Sweden",673.7493652361321,5.222551928783383
Orebro,Sweden,59.535,15.0066,2860,172,1,2688,"Orebro, Sweden",938.3048178343532,6.013986013986014
Ostergotland,Sweden,58.3454,15.5198,3954,277,1,3677,"Ostergotland, Sweden",849.4183610994747,7.005563985837128
Skane,Sweden,55.9903,13.5958,5366,276,1,5090,"Skane, Sweden",389.4538283833892,5.143496086470369
Sormland,Sweden,59.0336,16.7519,2460,254,1,2206,"Sormland, Sweden",826.7795926598102,10.32520325203252
Stockholm,Sweden,59.6025,18.1384,23739,2400,1,21339,"Stockholm, Sweden",998.6618041202636,10.109945659042085
Uppsala,Sweden,60.0092,17.2715,3919,243,1,3676,"Uppsala, Sweden",1021.3362591311736,6.20056136769584
Varmland,Sweden,59.7294,13.2354,1241,73,1,1168,"Varmland, Sweden",439.42580750246094,5.882352941176472
Vasterbotten,Sweden,65.3337,16.5162,905,31,1,874,"Vasterbotten, Sweden",333.0438366649984,3.425414364640884
Vasternorrland,Sweden,63.4276,17.7292,1881,136,1,1745,"Vasternorrland, Sweden",766.6692480446063,7.230196703880915
Vastmanland,Sweden,59.6714,16.2159,2854,183,1,2671,"Vastmanland, Sweden",1034.639018289257,6.412053258584442
Vastra Gotaland,Sweden,58.2528,13.0596,19514,860,1,18654,"Vastra Gotaland, Sweden",1130.6689163389594,4.407092343958183
,Switzerland,46.8182,8.2275,49283,2045,40500,6738,Switzerland,569.4416553104942,4.149503885721241
,Syria,34.802075,38.99681500000001,3765,170,932,2663,Syria,21.51347803685313,4.51527224435591
,Taiwan*,23.7,121.0,506,7,479,20,Taiwan*,2.12455296739378,1.383399209486166
,Tajikistan,38.861,71.2761,9303,73,8066,1164,Tajikistan,97.53983217235456,0.7846931097495432
,Tanzania,-6.369028,34.888822,509,21,183,305,Tanzania,0.852107987092757,4.12573673870334
,Thailand,15.870032,100.992541,3506,59,3340,107,Thailand,5.022924219259783,1.6828294352538506
,Timor-Leste,-8.874217,125.727539,27,1,26,1,Timor-Leste,2.0478716545741107,1.0
,Togo,8.6195,0.8248,1659,41,1259,359,Togo,20.039288601630894,2.471368294153104
,Trinidad and Tobago,10.6918,-61.2225,3853,61,1695,2097,Trinidad and Tobago,275.31438215751297,1.5831819361536466
,Tunisia,33.886917,9.537499,9110,138,2366,6606,Tunisia,77.08177047434819,1.5148188803512623
,Turkey,38.9637,35.2433,301348,7445,266117,27786,Turkey,357.30535174167863,2.4705655919402147
,Uganda,1.373333,32.290275,6017,63,2581,3373,Uganda,13.154500338864477,1.047033405351504
Cherkasy Oblast,Ukraine,49.4444,32.0598,2983,48,1345,1590,"Cherkasy Oblast, Ukraine",247.27463234166507,1.609118337244385
Chernihiv Oblast,Ukraine,51.4982,31.2893,3188,46,738,2404,"Chernihiv Oblast, Ukraine",316.9789558983639,1.4429109159347553
Chernivtsi Oblast,Ukraine,48.2917,25.9352,12917,329,7514,5074,"Chernivtsi Oblast, Ukraine",1428.280777642878,2.5470310443601454
Crimea Republic*,Ukraine,45.2835,34.2008,3573,47,2400,1126,"Crimea Republic*, Ukraine",186.703355905297,1.315421214665547
Dnipropetrovsk Oblast,Ukraine,48.4647,35.0462,3878,89,1830,1959,"Dnipropetrovsk Oblast, Ukraine",120.94270440736048,2.294997421351212
Donetsk Oblast,Ukraine,48.0159,37.8028,2371,35,982,1354,"Donetsk Oblast, Ukraine",56.9144586009125,1.4761703922395613
Ivano-Frankivsk Oblast,Ukraine,48.9226,24.7111,12212,277,5354,6581,"Ivano-Frankivsk Oblast, Ukraine",889.2759668291037,2.26826072715362
Kharkiv Oblast,Ukraine,49.9935,36.2304,14464,295,4102,10067,"Kharkiv Oblast, Ukraine",540.5894308487299,2.039546460176992
Kherson Oblast,Ukraine,46.6354,32.6169,790,20,436,334,"Kherson Oblast, Ukraine",76.13430476851316,2.5316455696202533
Khmelnytskyi Oblast,Ukraine,49.423,26.9871,4481,90,2044,2347,"Khmelnytskyi Oblast, Ukraine",354.3118751013082,2.008480249944209
Kiev,Ukraine,50.4501,30.5234,19140,312,5828,13000,"Kiev, Ukraine",648.6376575843839,1.6300940438871474
Kiev Oblast,Ukraine,50.053,30.7667,7611,156,4929,2526,"Kiev Oblast, Ukraine",430.5010351030013,2.0496649586125346
Kirovohrad Oblast,Ukraine,48.5079,32.2623,973,52,777,144,"Kirovohrad Oblast, Ukraine",102.90318111488668,5.344295991778006
Luhansk Oblast,Ukraine,48.574,39.3078,735,5,399,331,"Luhansk Oblast, Ukraine",34.156925746561186,0.6802721088435374
Lviv Oblast,Ukraine,49.8397,24.0297,18129,515,6040,11574,"Lviv Oblast, Ukraine",718.8282730397566,2.8407523856804016
Mykolaiv Oblast,Ukraine,46.975,31.9946,2374,57,815,1502,"Mykolaiv Oblast, Ukraine",94.13085775257224,2.4010109519797806
Odessa Oblast,Ukraine,46.4846,30.7326,11205,160,2424,8621,"Odessa Oblast, Ukraine",470.73740037003614,1.42793395805444
Poltava Oblast,Ukraine,49.5883,34.5514,1461,33,714,714,"Poltava Oblast, Ukraine",104.32442969668794,2.2587268993839835
Rivne Oblast,Ukraine,50.6199,26.2516,11015,151,8576,2288,"Rivne Oblast, Ukraine",951.7835031681471,1.3708579210167953
Sevastopol*,Ukraine,44.6054,33.522,763,22,517,224,"Sevastopol*, Ukraine",172.15276696652387,2.8833551769331587
Sumy Oblast,Ukraine,50.9077,34.7981,2916,50,1302,1564,"Sumy Oblast, Ukraine",269.64596483505915,1.7146776406035664
Ternopil Oblast,Ukraine,49.5535,25.5948,11016,133,4862,6021,"Ternopil Oblast, Ukraine",1053.2767174787905,1.2073347857661585
Vinnytsia Oblast,Ukraine,49.2331,28.4682,5200,98,3461,1641,"Vinnytsia Oblast, Ukraine",333.24916655665174,1.8846153846153848
Volyn Oblast,Ukraine,50.7472,25.3254,6783,143,4774,1866,"Volyn Oblast, Ukraine",655.1534293413695,2.108211705734925
Zakarpattia Oblast,Ukraine,48.6208,22.2879,9110,290,4054,4766,"Zakarpattia Oblast, Ukraine",724.8556256275847,3.18331503841932
Zaporizhia Oblast,Ukraine,47.8388,35.1396,2829,42,1075,1712,"Zaporizhia Oblast, Ukraine",165.84243737381553,1.4846235418875928
Zhytomyr Oblast,Ukraine,50.2547,28.6587,4931,90,2379,2462,"Zhytomyr Oblast, Ukraine",404.1163979796639,1.825187588724397
,United Arab Emirates,23.424076,53.847818,84242,404,73512,10326,United Arab Emirates,851.755237401925,0.4795707604282899
Anguilla,United Kingdom,18.2206,-63.0686,3,1,3,1,"Anguilla, United Kingdom",19.99733368884149,1.0
Bermuda,United Kingdom,32.3078,-64.7505,180,9,166,5,"Bermuda, United Kingdom",289.0498289788512,5.0
British Virgin Islands,United Kingdom,18.4207,-64.64,69,1,48,20,"British Virgin Islands, United Kingdom",228.19724178986007,1.4492753623188406
Cayman Islands,United Kingdom,19.3133,-81.2546,208,1,204,3,"Cayman Islands, United Kingdom",316.4942178940961,0.4807692307692308
Channel Islands,United Kingdom,49.3723,-2.3644,644,48,575,21,"Channel Islands, United Kingdom",377.7148253068933,7.453416149068322
England,United Kingdom,52.3555,-1.1743,336622,37076,1,299546,"England, United Kingdom",601.3555519032749,11.014134548544064
Falkland Islands (Malvinas),United Kingdom,-51.7963,-59.5236,13,1,13,1,"Falkland Islands (Malvinas), United Kingdom",373.2414585127763,1.0
Gibraltar,United Kingdom,36.1408,-5.3536,350,1,322,28,"Gibraltar, United Kingdom",1038.8531061707874,1.0
Isle of Man,United Kingdom,54.2361,-4.5481,339,24,312,3,"Isle of Man, United Kingdom",398.6734405870731,7.079646017699115
Montserrat,United Kingdom,16.742498,-62.187366,13,1,12,1,"Montserrat, United Kingdom",260.05201040208044,7.6923076923076925
Northern Ireland,United Kingdom,54.7877,-6.4923,9165,575,1,8590,"Northern Ireland, United Kingdom",487.0854591836735,6.273867975995636
Scotland,United Kingdom,56.4907,-4.2026,24126,2505,1,21621,"Scotland, United Kingdom",441.6012300258087,10.38298930614275
Turks and Caicos Islands,United Kingdom,21.69400000000001,-71.7979,668,5,572,91,"Turks and Caicos Islands, United Kingdom",1725.2957280851283,0.7485029940119761
Unknown,United Kingdom,,,1,1,1,1,"Unknown, United Kingdom",1.0,1.0
Wales,United Kingdom,52.1307,-3.7837,20445,1603,1,18842,"Wales, United Kingdom",651.4050850697762,7.840547811200782
,Uruguay,-32.5228,-55.7658,1904,46,1612,246,Uruguay,54.81144603476324,2.4159663865546217
,Uzbekistan,41.377491,64.585262,50992,427,47271,3294,Uzbekistan,152.35500556795515,0.8373862566677126
,Venezuela,6.4238,-66.5897,65949,539,55155,10255,Venezuela,231.9212695003644,0.8172982152875707
,Vietnam,14.058324,108.277199,1068,35,942,91,Vietnam,1.0972010965066137,3.2771535580524342
,West Bank and Gaza,31.9522,35.2332,35003,253,23446,11304,West Bank and Gaza,686.1428277952631,0.7227951889838014
,Western Sahara,24.2155,-12.8858,10,1,8,1,Western Sahara,1.674116485025028,10.0
,Yemen,15.552727,48.516388,2026,585,1221,220,Yemen,6.79273846200063,28.874629812438307
,Zambia,-13.133897,27.849332,14070,330,13365,375,Zambia,76.53412573441756,2.345415778251599
,Zimbabwe,-19.015438,29.154857,7672,225,5914,1533,Zimbabwe,51.6183656153327,2.93274244004171
